Workbook

Sheet Ozet Dashboard
A1: OZET DASHBOARD | Ilerleme ve Efor Takibi
A2: Bu sayfadaki tum degerler 'Sprint Plani' sayfasindan formullerle otomatik hesaplanir. Elle deger girmeyin.
A4: PROJE KUNYESI
A5: Proje Adı | B5: Kalori Sayacı + Akıllı Kiler Asistanı (Mobil Uygulama)
A6: Süre | B6: 20 iş günü (4 hafta) - Staj MVP
A7: Ekip | B7: 1 geliştirici (full-stack)
A8: Mobil | B8: React Native + TypeScript + Expo Dev Client
A9: Backend | B9: Python / FastAPI (katmanlı mimari, JWT auth)
A10: Veritabanı | B10: SQLite (kullanıcı, kiler, kalori, liste) + MongoDB Atlas M0 (tarifler)
A11: Yapay Zeka | B11: Groq üzerinde LLaMA 3 + RAG mimarisi + yanıt önbelleği
A12: Cihaz Üstü AI | B12: Google ML Kit - barkod okuma (ücretsiz, offline)
A13: Dış Veri | B13: Open Food Facts (barkod + besin değeri), Kaggle tarif veri setleri
A14: MVP Kapsam Dışı | B14: Fiş OCR okuma (V3), kameradan görsel obje tanıma (V3), sosyal ağ (V3)
A16: HAFTALIK EFOR DAGILIMI
A17: Hafta | B17: Görev Sayısı | C17: Toplam Saat | D17: Tamamlanan Saat | E17: İlerleme % | F17: Odak
A18: Hafta 1 | B18: =COUNTIF('Sprint Plani'!$A$4:$A$74,$A18) | C18: =SUMIF('Sprint Plani'!$A$4:$A$74,$A18,'Sprint Plani'!$H$4:$H$74) | D18: =SUMIFS('Sprint Plani'!$H$4:$H$74,'Sprint Plani'!$A$4:$A$74,$A18,'Sprint Plani'!$K$4:$K$74,"Tamamlandı") | E18: =IFERROR($D18/$C18,0) | F18: Temel mimari, veritabanı tasarımı, auth, onboarding, tarif seed verisi
A19: Hafta 2 | B19: =COUNTIF('Sprint Plani'!$A$4:$A$74,$A19) | C19: =SUMIF('Sprint Plani'!$A$4:$A$74,$A19,'Sprint Plani'!$H$4:$H$74) | D19: =SUMIFS('Sprint Plani'!$H$4:$H$74,'Sprint Plani'!$A$4:$A$74,$A19,'Sprint Plani'!$K$4:$K$74,"Tamamlandı") | E19: =IFERROR($D19/$C19,0) | F19: Kiler CRUD, barkod okuma (ML Kit), Open Food Facts, kalori sayacı, eşik mantığı
A20: Hafta 3 | B20: =COUNTIF('Sprint Plani'!$A$4:$A$74,$A20) | C20: =SUMIF('Sprint Plani'!$A$4:$A$74,$A20,'Sprint Plani'!$H$4:$H$74) | D20: =SUMIFS('Sprint Plani'!$H$4:$H$74,'Sprint Plani'!$A$4:$A$74,$A20,'Sprint Plani'!$K$4:$K$74,"Tamamlandı") | E20: =IFERROR($D20/$C20,0) | F20: Tarif eşleştirme algoritması, ağırlıklı öneri skoru, RAG chatbot, öğrenen profil
A21: Hafta 4 | B21: =COUNTIF('Sprint Plani'!$A$4:$A$74,$A21) | C21: =SUMIF('Sprint Plani'!$A$4:$A$74,$A21,'Sprint Plani'!$H$4:$H$74) | D21: =SUMIFS('Sprint Plani'!$H$4:$H$74,'Sprint Plani'!$A$4:$A$74,$A21,'Sprint Plani'!$K$4:$K$74,"Tamamlandı") | E21: =IFERROR($D21/$C21,0) | F21: Yeşil/kırmızı/gri malzeme kartları, stok düşümü, alışveriş listesi, test, teslim
A22: TOPLAM | B22: =SUM(B18:B21) | C22: =SUM(C18:C21) | D22: =SUM(D18:D21) | E22: =IFERROR(D22/C22,0) | F22: 20 iş günü x 8 saat = 160 saat kapasite (tampon dahil)
A24: DURUM VE ONCELIK DAGILIMI
A25: Kategori | B25: Değer | C25: Adet | D25: Saat | F25: Açıklama
A26: Durum | B26: Yapılacak | C26: =COUNTIF('Sprint Plani'!$K$4:$K$74,$B26) | D26: =SUMIF('Sprint Plani'!$K$4:$K$74,$B26,'Sprint Plani'!$H$4:$H$74) | F26: Henüz başlanmamış görevler
A27: Durum | B27: Devam Ediyor | C27: =COUNTIF('Sprint Plani'!$K$4:$K$74,$B27) | D27: =SUMIF('Sprint Plani'!$K$4:$K$74,$B27,'Sprint Plani'!$H$4:$H$74) | F27: Üzerinde çalışılan görevler
A28: Durum | B28: Tamamlandı | C28: =COUNTIF('Sprint Plani'!$K$4:$K$74,$B28) | D28: =SUMIF('Sprint Plani'!$K$4:$K$74,$B28,'Sprint Plani'!$H$4:$H$74) | F28: Kabul kriteri karşılanmış görevler
A29: Durum | B29: Bloke | C29: =COUNTIF('Sprint Plani'!$K$4:$K$74,$B29) | D29: =SUMIF('Sprint Plani'!$K$4:$K$74,$B29,'Sprint Plani'!$H$4:$H$74) | F29: Dış bağımlılık veya hata nedeniyle duran görevler
A30: Öncelik | B30: Kritik | C30: =COUNTIF('Sprint Plani'!$I$4:$I$74,$B30) | D30: =SUMIF('Sprint Plani'!$I$4:$I$74,$B30,'Sprint Plani'!$H$4:$H$74) | F30: MVP'nin çalışması için zorunlu - asla ertelenmez
A31: Öncelik | B31: Yüksek | C31: =COUNTIF('Sprint Plani'!$I$4:$I$74,$B31) | D31: =SUMIF('Sprint Plani'!$I$4:$I$74,$B31,'Sprint Plani'!$H$4:$H$74) | F31: Ürün değerini belirgin artıran görevler
A32: Öncelik | B32: Orta | C32: =COUNTIF('Sprint Plani'!$I$4:$I$74,$B32) | D32: =SUMIF('Sprint Plani'!$I$4:$I$74,$B32,'Sprint Plani'!$H$4:$H$74) | F32: Kalite ve deneyim iyileştirmeleri
A33: Öncelik | B33: Düşük | C33: =COUNTIF('Sprint Plani'!$I$4:$I$74,$B33) | D33: =SUMIF('Sprint Plani'!$I$4:$I$74,$B33,'Sprint Plani'!$H$4:$H$74) | F33: Zaman kalırsa yapılacak bonus görevler
A35: KULLANIM KILAVUZU (LEGEND)
A36: 1) Elle doldurulacak TEK alan: 'Sprint Plani' sayfasindaki K sutunu (Durum). Acilir listeden secim yapin.
A37: Ornek: K4 hucresi -> 'Tamamlandi' secildiginde bu sayfadaki ilerleme yuzdeleri otomatik guncellenir.
A38: 2) Diger tum sutunlar ve bu sayfadaki hesaplamalar formullerle baglidir; degistirmeyin.
A39: 3) Renk kodlari: Kirmizi = Kritik oncelik / Bloke, Sari = Yuksek oncelik / Devam Ediyor, Yesil = Tamamlandi.
A40: 4) 'Sprint Plani' sayfasinda 3. satirdaki filtre oklarindan haftaya, module veya oncelige gore suzebilirsiniz.
A41: 5) Kaynak: 'Kalori Sayaci Uygulama Projesi Detaylari.pdf' icindeki 20 gunluk plan, atomik gorev seviyesinde detaylandirilmistir.

Sheet Sprint Plani
A1: KALORI SAYACI + AKILLI KILER UYGULAMASI | 20 IS GUNLUK STAJ MVP SPRINT PLANI
A2: Kapsam: Barkod okuma - Kiler yonetimi - Kalori sayaci - Kural tabanli tarif onerisi - RAG chatbot - Alisveris listesi || Kapsam disi (V2/V3): Fis OCR ve gorsel obje tanima || Yigin: React Native (TS) + FastAPI + SQLite + MongoDB + Google ML Kit + Open Food Facts + Groq/LLaMA 3
A3: Hafta | B3: Gün | C3: Görev Kodu | D3: Modül | E3: Atomik Görev Adı | F3: Nasıl Yapılacak / Kullanılacak Teknolojiler | G3: Kabul Kriteri (Definition of Done) | H3: Tahmini Süre (Saat) | I3: Öncelik | J3: Bağımlılık | K3: Durum
A4: Hafta 1 | B4: Gün 1 | C4: W1-T01 | D4: Kurulum & DevOps | E4: Proje Reposu ve Klasör Mimarisinin Kurulması | F4: GitHub'da private repo açılır. Monorepo yapısı kurulur: /backend (FastAPI), /mobile (React Native), /docs (diyagramlar), /data (seed JSON). Python + Node için .gitignore, README taslağı eklenir. Branch stratejisi: main (korumalı) + develop + feature/* . Conventional Commits kuralı belirlenir. | G4: Repoya ilk commit atılmış, develop branch açılmış, 4 klasörlü yapı görünüyor. | H4: 2 | I4: Kritik | J4: - | K4: Yapılacak
A5: Hafta 1 | B5: Gün 1 | C5: W1-T02 | D5: Backend | E5: Python Sanal Ortam ve Bağımlılık Yönetimi | F5: python -m venv .venv ile izole ortam kurulur. requirements.txt: fastapi, uvicorn[standard], sqlalchemy, alembic, pydantic, pydantic-settings, python-jose[cryptography], passlib[bcrypt], httpx, motor, pymongo, python-dotenv, rapidfuzz, pytest. .env.example dosyası hazırlanır (gizli anahtarlar repoya girmez). | G5: pip install -r requirements.txt hatasız tamamlanıyor; uvicorn app.main:app --reload ayağa kalkıyor. | H5: 1.5 | I5: Kritik | J5: W1-T01 | K5: Yapılacak
A6: Hafta 1 | B6: Gün 1 | C6: W1-T03 | D6: Backend | E6: FastAPI Katmanlı Mimari İskeleti | F6: app/ altında core (config, security), db (session, base), models, schemas, routers, services klasörleri oluşturulur. main.py içinde CORS middleware, global exception handler, /health endpoint ve /api/v1 versiyonlaması tanımlanır. Swagger UI doğrulanır. | G6: GET /health 200 {"status":"ok"} dönüyor; /docs sayfası açılıyor. | H6: 2.5 | I6: Kritik | J6: W1-T02 | K6: Yapılacak
A7: Hafta 1 | B7: Gün 1-2 | C7: W1-T04 | D7: Veritabanı | E7: İlişkisel Şema (SQLite) E-R Modellemesi | F7: dbdiagram.io / drawSQL ile Enhanced Entity-Relationship modeli çizilir. Tablolar: users, user_profiles, user_preferences, products, pantry_items, shopping_list_items, meal_logs, recipe_feedback. 1:N (user -> pantry) ve N:N (user <-> diet_tags) ilişkileri, PK/FK, UNIQUE(barcode), CHECK(quantity >= 0) ve index kararları verilir. | G7: ER diyagramı PNG olarak /docs klasörüne eklenmiş; tüm tablo ve ilişkiler dokümante. | H7: 2.5 | I7: Kritik | J7: W1-T01 | K7: Yapılacak
A8: Hafta 1 | B8: Gün 2 | C8: W1-T05 | D8: Veritabanı | E8: SQLAlchemy ORM Modellerinin Yazılması | F8: models/ altında User, UserProfile, UserPreference, Product, PantryItem, ShoppingListItem, MealLog, RecipeFeedback sınıfları. relationship() + back_populates, cascade='all, delete-orphan', server_default=func.now(), birim için Enum tipi (g/kg/ml/l/adet/paket). | G8: Modeller import ediliyor; Base.metadata.create_all ile tüm tablolar hatasız oluşuyor. | H8: 2.5 | I8: Kritik | J8: W1-T04 | K8: Yapılacak
A9: Hafta 1 | B9: Gün 2 | C9: W1-T06 | D9: Veritabanı | E9: Alembic Migration Altyapısı | F9: alembic init ile kurulur, env.py içinde target_metadata bağlanır. İlk autogenerate migration üretilip 'alembic upgrade head' çalıştırılır. Böylece ilerleyen haftalarda şema değişikliği veri kaybı olmadan uygulanır. | G9: alembic upgrade head hatasız; versions/ altında ilk migration dosyası mevcut. | H9: 1.5 | I9: Yüksek | J9: W1-T05 | K9: Yapılacak
A10: Hafta 1 | B10: Gün 2 | C10: W1-T07 | D10: Backend | E10: Pydantic Şemaları (Request / Response DTO) | F10: schemas/ altında Create / Update / Read ayrımıyla DTO'lar yazılır. from_attributes=True, alan doğrulamaları (quantity > 0, birim enum, e-posta formatı), ortak hata modeli ve sayfalama şeması tanımlanır. | G10: Swagger UI'da tüm endpoint şemaları doğru; hatalı payload 422 dönüyor. | H10: 2 | I10: Yüksek | J10: W1-T05 | K10: Yapılacak
A11: Hafta 1 | B11: Gün 2-3 | C11: W1-T08 | D11: Auth | E11: JWT Tabanlı Kimlik Doğrulama | F11: passlib ile bcrypt şifre hash'i, python-jose ile access token (30 dk) + refresh token üretimi. /auth/register, /auth/login, /auth/me endpoint'leri. OAuth2PasswordBearer + get_current_user dependency ile korumalı rotalar. | G11: Kayıt -> giriş -> korumalı endpoint akışı çalışıyor; token'sız istek 401 dönüyor. | H11: 2.5 | I11: Kritik | J11: W1-T07 | K11: Yapılacak
A12: Hafta 1 | B12: Gün 3 | C12: W1-T09 | D12: Veritabanı | E12: MongoDB Atlas (Ücretsiz M0) Kurulumu ve Bağlantı | F12: MongoDB Atlas'ta M0 ücretsiz cluster açılır, IP whitelist ve DB kullanıcısı tanımlanır. Backend'de motor (async driver) ile bağlantı havuzu kurulur; connection string .env'den okunur. | G12: Uygulama açılışında Mongo ping başarılı; bağlantı bilgisi koda gömülü değil. | H12: 1.5 | I12: Kritik | J12: W1-T03 | K12: Yapılacak
A13: Hafta 1 | B13: Gün 3 | C13: W1-T10 | D13: Veritabanı | E13: NoSQL Tarif Koleksiyon Şeması (MongoDB) | F13: recipes koleksiyonu: _id, title, slug, image_url, ingredients[{name, canonical_name, quantity, unit, optional}], steps[], calories_per_serving, macros{protein, carb, fat}, servings, prep_time, cook_time, difficulty, diet_tags[vegan/vejetaryen/glutensiz], cuisine, allergens[]. $jsonSchema validator + canonical_name, diet_tags, calories üzerine index. | G13: Şema validator aktif; eksik alanlı doküman reddediliyor; index'ler oluşturulmuş. | H13: 2 | I13: Kritik | J13: W1-T09 | K13: Yapılacak
A14: Hafta 1 | B14: Gün 3 | C14: W1-T11 | D14: Veri | E14: Tarif Seed Verisinin Hazırlanması (100+ Tarif) | F14: Kaggle 'Recipe Ingredients Dataset' / RecipeNLG ve telifsiz açık kaynaklardan veri alınır; Pandas ile temizlenir (küçük harf, trim, birim ayrıştırma, mükerrer temizliği). Türk mutfağından en az 40 tarif manuel eklenir. /data/recipes_seed.json üretilip mongoimport ile yüklenir. | G14: MongoDB'de en az 100 geçerli tarif; hepsinde kalori, porsiyon ve malzeme alanı dolu. | H14: 2.5 | I14: Kritik | J14: W1-T10 | K14: Yapılacak
A15: Hafta 1 | B15: Gün 3 | C15: W1-T12 | D15: Veri | E15: Malzeme Sözlüğü ve Birim Normalizasyon Tablosu | F15: ingredients_dictionary.json: 'kırmızı mercimek', 'k.mercimek', 'mercimek (kırmızı)' -> canonical: kirmizi_mercimek. Birim dönüşüm tablosu (1 su bardağı = 200 ml, 1 yemek kaşığı = 15 ml, 1 kg = 1000 g). Bu tablo hem kiler hem tarif eşleştirmesi için TEK doğruluk kaynağıdır. | G15: En az 150 malzeme için canonical eşleme var; birim dönüşüm fonksiyonu birim testinden geçiyor. | H15: 2 | I15: Kritik | J15: W1-T11 | K15: Yapılacak
... A74: Hafta 4 | B74: Gün 20 | C74: W4-T17 | D74: Tampon | E74: Tampon Süre / Kritik Hata Payı | F74: Beklenmedik native build hataları, API kotası, cihaz uyumsuzluğu gibi riskler için ayrılan zaman payı. Kullanılmazsa V2 backlog'undan bir madde çekilir (örn. SKT bildirimi veya oyunlaştırma). | G74: Plan sapması yaşanmadan teslim tamamlandı. | H74: 2 | I74: Orta | J74: - | K74: Yapılacak
A75: TOPLAM | H75: =SUM(H4:H74)
A77: NOT: Sureler tek gelistirici icin, gunde ~8 saat mesai varsayimiyla tahmin edilmistir (20 is gunu x 8 saat = 160 saat kapasite). Toplam tahmin ~165 saat oldugundan W4-T17 tampon gorevi ve dusuk oncelikli W4-T07 esnetme payi olarak birakilmistir. Sadece K sutunundaki 'Durum' hucrelerini doldurun; ornek: K4 hucresini 'Tamamlandi' yapin, Ozet Dashboard otomatik guncellenir.

Sheet V2-V3 Backlog
A1: KAPSAM DISI OZELLIKLER | V2 ve V3 YOL HARITASI
A2: PDF'te 'MVP'den cikar' denilen ve staj sonrasi surumlere birakilan maddeler. Her biri neden ertelendigi ve nasil yapilacagi ile birlikte listelenmistir.
A3: Sürüm | B3: Öncelik | C3: Modül | D3: Özellik | E3: Neden MVP'de Değil? | F3: Nasıl Yapılacak / Teknoloji | G3: Tahmini Süre | H3: Maliyet Etkisi
A4: V3 | B4: Yüksek | C4: OCR / NLP | D4: Fişten Ürün Okuma ve Otomatik Kiler Kaydı | E4: PDF'te net şekilde belirtildiği gibi bu iş sadece kodlama değil, veri temizleme + NLP sürecidir; tek başına 20 günlük stajın en az 10 gününü yutar. Yarım kalmış OCR, çalışan bir MVP'den daha kötü bir sunum çıktısıdır. | F4: Google ML Kit Text Recognition (cihazda, ücretsiz) veya Tesseract ile fiş fotoğrafı metne çevrilir. Ardından satır bazlı RegEx + küçük bir LLM ile ürün adı / gramaj / fiyat ayrıştırılır ('MGRS KRMZ MRCMK %8' -> Kırmızı Mercimek 1 kg). Sonuç kullanıcı onayına sunulup kilere yazılır. | G4: 3-4 hafta | H4: Cihaz üstü: 0 $ | Google Vision: ~1.5 $ / 1000 istek
A5: V3 | B5: Yüksek | C5: OCR / Veri | D5: Türk Market Kısaltma Sözlüğü ve Doğrulama Ekranı | E5: OCR doğruluğu sözlük olmadan %50'nin altında kalır; sözlük ancak gerçek fiş verisi toplandıktan sonra anlamlı olur. | F5: Migros, A101, BİM, ŞOK, CarrefourSA fişlerinden 500+ satır toplanır; kısaltma -> canonical ürün eşleme tablosu oluşturulur. Kullanıcıya 'düzelt ve onayla' ekranı gösterilerek her düzeltme sözlüğe geri beslenir (insan destekli öğrenme). | G5: 1-2 hafta | H5: 0 $ (manuel veri toplama)
A6: V3 | B6: Düşük | C6: Görüntü İşleme | D6: Kameradan Görsel Obje Tanıma (barkodsuz ürün) | E6: PDF'te açıkça 'çıkar' denilen madde: barkodsuz bir domatesi tanıyıp gramajını tahmin etmek teknik olarak çok zordur ve kullanıcıyı yanıltır. | F6: YOLOv8 / EfficientNet ile özel model eğitimi; veri toplama + etiketleme (Roboflow), bulutta GPU eğitimi, ardından TensorFlow Lite / Core ML'e dönüştürüp cihaz üzerinde çalıştırma. | G6: 4-8 hafta | H6: GPU eğitimi: 100-500 $ (tek seferlik)
A7: V2 | B7: Yüksek | C7: Oyunlaştırma | D7: Tasarruf Rozetleri ve İsraf Önleme Skoru | E7: MVP'nin çekirdek değerini etkilemez; önce kiler + öneri döngüsünün tuttuğu doğrulanmalı. | F7: Kullanılan malzeme / israf edilen malzeme oranından haftalık skor. 'Bu hafta 500 TL tasarruf ettin, 1.2 kg gıda israfını önledin' kartı, rozet sistemi ve paylaşılabilir haftalık özet. | G7: 1 hafta | H7: 0 $
A8: V2 | B8: Yüksek | C8: Kiler | D8: Gelişmiş SKT Takibi ve Haftalık İsraf Raporu | E8: Temel SKT bildirimi MVP'de bonus görev olarak var; raporlama ve akıllı öneri katmanı sonraya bırakıldı. | F8: SKT'si yaklaşan ürünleri önceliklendiren özel bir öneri sorgusu ('bunları bugün kullan'), haftalık israf raporu ve push bildirim zamanlaması. | G8: 1 hafta | H8: 0 $ (Expo Push ücretsiz)
A9: V2 | B9: Orta | C9: AI | D9: Semantik Arama (Embedding / Vektör Veritabanı) | E9: MVP'de kural tabanlı filtreleme + rapidfuzz yeterli doğruluğu veriyor; vektör altyapısı erken karmaşıklık yaratır. | F9: Tarif ve malzeme metinleri embedding'e çevrilir (sentence-transformers, cihazda veya sunucuda), Chroma / pgvector'da saklanır. 'Anneannemin yaptığı gibi bir şey' türü bulanık sorgular desteklenir. | G9: 1-2 hafta | H9: Açık kaynak model: 0 $
A10: V2 | B10: Orta | C10: Kalori | D10: Su Takibi + Egzersiz / Adım Entegrasyonu | E10: Kalori dengesinin ikinci yarısı; MVP'de alım tarafına odaklanıldı. | F10: Apple HealthKit ve Google Fit / Health Connect entegrasyonu ile adım ve yakılan kalori okunur, günlük hedefe eklenir. Su takibi basit bir sayaç bileşeniyle çözülür. | G10: 1 hafta | H10: 0 $
A11: V2 | B11: Yüksek | C11: Altyapı | D11: Çevrimdışı (Offline-First) Mod ve Senkronizasyon | E11: MVP'de internet varsayımıyla ilerlemek geliştirme hızını iki katına çıkarır. | F11: Cihazda WatermelonDB / SQLite yerel kopya, değişikliklerin kuyruğa alınması ve bağlantı gelince çakışma çözümlemeli (last-write-wins + versiyon) senkronizasyon. | G11: 2 hafta | H11: 0 $
A12: V2 | B12: Orta | C12: AI | D12: Haftalık Otomatik Yemek Planı (Meal Plan) | E12: Öneri motorunun tekil tarif seviyesinde doğrulanması önce gelir. | F12: Kalori hedefi, kiler ve tercihler baz alınarak 7 günlük menü üretilir; eksik malzemeler tek seferde alışveriş listesine dökülür. Kısıt tabanlı optimizasyon veya LLM planlayıcı ile çözülür. | G12: 1-2 hafta | H12: LLM: ~1-3 $ / ay (önbellekli)
A13: V2 | B13: Orta | C13: Ticari | D13: Market Fiyat Takibi ve Alışveriş Maliyeti Karşılaştırma | E13: Fiyat verisi sürekli güncellik ister; MVP kapsamında sürdürülemez. | F13: Açık fiyat API'leri veya kullanıcı katkısıyla fiyat toplanır; alışveriş listesinin tahmini maliyeti ve market karşılaştırması gösterilir. | G13: 2-3 hafta | H13: Değişken
A14: V2 | B14: Orta | C14: Platform | D14: App Store ve Play Store Yayın Süreci | E14: Staj teslimi için .apk yeterli; mağaza inceleme süreci staj takvimine sığmaz ve Apple reddi zaman kaybettirir. | F14: Geliştirici hesapları, gizlilik politikası (KVKK/GDPR), veri güvenliği formu, ekran görüntüleri, ASO metinleri, TestFlight / iç test kanalı ve inceleme süreci yönetimi. | G14: 1-2 hafta | H14: Apple 99 $/yıl + Google 25 $ tek seferlik
A15: V3 | B15: Düşük | C15: Sosyal | D15: Uygulama İçi Tarif Paylaşımı / Sosyal Ağ | E15: PDF'te 'çıkar' denilen madde: ilk etapta gereksiz veri yükü ve moderasyon maliyeti yaratır. | F15: Kullanıcı tarifleri, beğeni/yorum, moderasyon kuyruğu, spam ve telif kontrolü. Ancak belirli bir aktif kullanıcı kütlesinden sonra anlamlıdır. | G15: 3-4 hafta | H15: Depolama + moderasyon maliyeti

Sheet Maliyet Analizi
A1: MALIYET ANALIZI VE TASARRUF STRATEJILERI
A2: Iki senaryo karsilastirilir: (1) hazir bulut servisleriyle optimize EDILMEMIS kurulum, (2) acik kaynak + ucretsiz katman ile OPTIMIZE kurulum. Yillik tasarruf sutunu formulle hesaplanir.
A3: Maliyet Kalemi | B3: Açıklama | C3: Optimize Edilmemiş Aylık ($) | D3: Ucuza Çözüm / Alternatif | E3: Optimize Aylık ($) | F3: Yıllık Tasarruf ($) | G3: Staj MVP'sinde Gerekli mi?
A4: Sunucu / Backend Barındırma | B4: FastAPI uygulamasının çalıştığı VPS veya PaaS | C4: 12 | D4: Render / Railway / Fly.io ücretsiz katmanı; ya da tamamen Supabase (BaaS) ile sunucusuz ilerleme | E4: 0 | F4: =(C4-E4)*12 | G4: Evet
A5: Yönetilen Veritabanı | B5: PostgreSQL / MongoDB barındırma | C5: 15 | D5: MongoDB Atlas M0 (ücretsiz, 512 MB) + SQLite dosya veritabanı | E5: 0 | F5: =(C5-E5)*12 | G5: Evet
A6: LLM / Chatbot API | B6: Sohbet asistanının token maliyeti (GPT-4o-mini ile aylık 20-50 $) | C6: 35 | D6: Groq üzerinden LLaMA 3 (çok düşük maliyet) + yanıt önbelleği + kullanıcı başına günlük limit | E6: 2 | F6: =(C6-E6)*12 | G6: Evet
A7: Barkod Tanıma | B7: Bulut görüntü işleme servisi ile barkod çözümleme | C7: 10 | D7: Google ML Kit ile cihaz üzerinde (on-device) okuma - tamamen ücretsiz ve offline | E7: 0 | F7: =(C7-E7)*12 | G7: Evet
A8: Gıda / Barkod Veritabanı | B8: FatSecret veya Nutritionix ücretli plan | C8: 20 | D8: Open Food Facts açık veritabanı (ücretsiz, ODbL lisansı) + kullanıcı katkılı ürün havuzu | E8: 0 | F8: =(C8-E8)*12 | G8: Evet
A9: Fiş Okuma (OCR) | B9: Google Cloud Vision / AWS Textract (1000 istek ~1.5 $) | C9: 15 | D9: Cihaz üstü ML Kit Text Recognition veya Tesseract OCR (ücretsiz) | E9: 0 | F9: =(C9-E9)*12 | G9: Hayır (V3)
A10: Görsel Depolama / CDN | B10: Tarif ve ürün görsellerinin barındırılması | C10: 5 | D10: Cloudinary ücretsiz katmanı veya Unsplash/Pexels doğrudan bağlantısı | E10: 0 | F10: =(C10-E10)*12 | G10: Evet
A11: Push Bildirim | B11: Bildirim altyapısı | C11: 5 | D11: Expo Push Notifications (ücretsiz) | E11: 0 | F11: =(C11-E11)*12 | G11: Kısmen
A12: Hata İzleme / Log | B12: Sentry veya benzeri APM aracı | C12: 26 | D12: Sentry ücretsiz katmanı (5k olay/ay) | E12: 0 | F12: =(C12-E12)*12 | G12: Kısmen
A13: Alan Adı + SSL | B13: Backend için alan adı ve sertifika | C13: 1.5 | D13: Cloudflare ücretsiz SSL + ucuz .com alan adı | E13: 1.5 | F13: =(C13-E13)*12 | G13: Hayır
A14: Apple Developer Hesabı | B14: App Store yayını için zorunlu (99 $/yıl) | C14: 8.25 | D14: Zorunlu - indirim yok; yayına kadar ertelenebilir | E14: 8.25 | F14: =(C14-E14)*12 | G14: Hayır (V2)
A15: Google Play Hesabı | B15: Tek seferlik 25 $ (ilk yıla yayıldı) | C15: 2.08 | D15: Zorunlu - tek seferlik; yayına kadar ertelenebilir | E15: 2.08 | F15: =(C15-E15)*12 | G15: Hayır (V2)
A16: TOPLAM | B16: Aylık toplam / yıllık toplam tasarruf | C16: =SUM(C4:C15) | D16: Optimize kurulumda aylık gider neredeyse sıfırlanır | E16: =SUM(E4:E15) | F16: =SUM(F4:F15)
A18: STAJ (MVP) SENARYOSU OZETI
A19: Staj süresince zorunlu aylık gider ($) | B19: =SUMIF(G4:G15,"Evet",E4:E15) | C19: Sadece MVP'de gerekli kalemlerin optimize maliyeti - ücretsiz katmanlarla neredeyse sıfır
A20: Aynı kalemlerin optimize edilmemiş hali ($) | B20: =SUMIF(G4:G15,"Evet",C4:C15) | C20: Hazır bulut servisleriyle gidilseydi ödenecek aylık tutar
A21: Aylık tasarruf ($) | B21: =B20-B19 | C21: İkisinin farkı
A23: VARSAYIMLAR: Tutarlar USD cinsindendir ve tek gelistirici / dusuk trafik (gunluk <1000 istek) varsayimiyla tahmin edilmistir.
A24: Kaynak: 'Kalori Sayaci Uygulama Projesi Detaylari.pdf' - optimize edilmemis senaryoda aylik 100-200 $ gider ongoruluyordu; buradaki kalem kirilimi o araligi acar.
A25: Apple Developer (99 $/yil) ve Google Play (25 $ tek seferlik) tutarlari 12 aya bolunerek aylik gosterilmistir.
A26: MALIYET DUSURME TEKNIKLERI: (1) On-device isleme - barkod ve OCR'i buluta gondermeyip ML Kit ile telefonda calistir. (2) BaaS - kendi sunucunu yonetmek yerine Supabase/Firebase ucretsiz katmani. (3) Acik kaynak LLM - Groq uzerinde LLaMA 3. (4) Onbellekleme - ayni soruya ayni yanit API'ye gitmeden verilir. (5) Acik veri - Open Food Facts ile 0 $ urun veritabani. (6) Kural tabanli oneri - derin ogrenme yerine SQL/NoSQL filtreleme, GPU maliyeti sifir.

Sheet Veri Kaynaklari
A1: VERI ELDE ETME PLANI | Kaynaklar, Lisanslar ve Isleme Adimlari
A2: Projenin calismasi icin gereken tum dis veri: barkod/besin degerleri, yemek tarifleri, gorseller ve malzeme sozlugu.
A3: Veri Türü | B3: Kaynak | C3: Erişim / Lisans | D3: Nasıl Alınacak ve İşlenecek | E3: Maliyet | F3: Risk / Dikkat Edilecek Nokta
A4: Barkod + besin değeri | B4: Open Food Facts | C4: Ücretsiz, açık veri (ODbL) | D4: REST API (api/v2/product/{barcode}.json) ile anlık sorgu; ayrıca toplu CSV/MongoDB dump indirilip yerel kopya tutulabilir. Gelen veri products tablosuna önbelleklenir. | E4: 0 $ | F4: Türk yerel ürünlerinde kapsam boşluğu olabilir; eksikler kullanıcı katkısıyla (source='user') doldurulur.
A5: Barkod (yedek kaynak) | B5: FatSecret Platform API | C5: Freemium (ücretsiz kota + ücretli plan) | D5: OAuth ile kimlik doğrulama, ürün ve besin sorgusu. Open Food Facts'te bulunamayan barkodlar için ikincil kaynak olarak kullanılır. | E5: 0 $ (kota içinde) | F5: Kota aşımında ücretlendirme; atıf zorunluluğu var.
A6: Besin değeri referansı | B6: USDA FoodData Central | C6: Ücretsiz, kamu malı | D6: Toplu veri indirilip temel gıdaların (pirinç, mercimek, tavuk) 100 g besin değerleri yerel tabloya aktarılır. | E6: 0 $ | F6: ABD odaklı; Türk mutfağı porsiyonlarıyla birebir örtüşmeyebilir.
A7: Yemek tarifleri (toplu) | B7: Kaggle - Recipe Ingredients Dataset / RecipeNLG | C7: Araştırma / açık lisans (koşulları kontrol edilmeli) | D7: CSV indirilir, Pandas ile temizlenir: küçük harfe çevirme, boşluk kırpma, mükerrer temizliği, malzeme-miktar-birim ayrıştırma, kalori alanı eksikse hesaplama. Sonuç JSON'a çevrilip mongoimport ile yüklenir. | E7: 0 $ | F7: Lisans koşulları ticari kullanımı sınırlayabilir; yayın öncesi mutlaka doğrulanmalı.
A8: Türk mutfağı tarifleri | B8: Telifsiz / açık lisanslı tarif siteleri + manuel giriş | C8: Site bazında değişir | D8: BeautifulSoup ile yalnızca robots.txt izin veren ve telif içermeyen kaynaklardan kazıma; ardından Pandas ile temizlik. Kritik 40 tarif elle girilerek kalite garanti altına alınır. | E8: 0 $ | F8: TELIF RISKI: Tarif metni telif korumasına girebilir. En güvenlisi malzeme listesinden yola çıkıp adımları kendin yazmaktır.
A9: Tarif görselleri | B9: Unsplash / Pexels API | C9: Ücretsiz, atıf ile | D9: Tarif başlığına göre API'den görsel çekilip URL olarak saklanır (dosya barındırma maliyeti oluşmaz). | E9: 0 $ | F9: Alakasız görsel gelebilir; kritik tariflerde elle seçim yapılmalı.
A10: Malzeme sözlüğü + birim tablosu | B10: Manuel üretim (proje içi) | C10: Proje mülkiyeti | D10: Tarif veri setindeki tüm malzeme adları frekansa göre sıralanır, ilk 150-200 tanesi canonical isimlere elle eşlenir. Birim dönüşüm tablosu (su bardağı, yemek kaşığı, kg/g) yazılır. | E10: 0 $ | F10: Projenin en kritik veri varlığı; eksik olursa tüm eşleştirme algoritması bozulur.
A11: Kullanıcı verisi | B11: Uygulama içi onboarding + kullanım logları | C11: Kullanıcı onayı ile | D11: Onboarding anketi (diyet, alerjen, hedef, sevilen yemekler) + davranış logları (beğeni, yapılan tarif) toplanır ve öneri skorlamasını besler. | E11: 0 $ | F11: KVKK / GDPR: Aydınlatma metni, açık rıza ve veri silme hakkı zorunlu. Sağlık verisi hassas veri kategorisindedir.

Sheet Veritabani Semasi
A1: VERITABANI SEMASI | SQLite (iliskisel) + MongoDB (dokuman) Melez Mimari
A2: Iliskisel veri (kullanici, kiler, kalori, alisveris) SQLite'ta; esnek dokuman verisi (tarifler) MongoDB'de tutulur. Iki taraf 'canonical_name' alani uzerinden eslesir.
A3: Katman | B3: Tablo / Koleksiyon | C3: Alan | D3: Tip | E3: Açıklama / Kısıt
A4: SQLite | B4: users | C4: id | D4: INTEGER PK | E4: Otomatik artan birincil anahtar
A5: SQLite | B5: users | C5: email | D5: TEXT UNIQUE | E5: Giriş kimliği; benzersiz index
A6: SQLite | B6: users | C6: hashed_password | D6: TEXT | E6: bcrypt ile hash'lenmiş; düz metin asla saklanmaz
A7: SQLite | B7: users | C7: created_at | D7: DATETIME | E7: server_default=now()
A8: SQLite | B8: user_profiles | C8: user_id | D8: INTEGER FK -> users.id | E8: 1:1 ilişki; ON DELETE CASCADE
A9: SQLite | B9: user_profiles | C9: age / gender / height_cm / weight_kg | D9: INTEGER / TEXT / REAL | E9: BMR hesabı için onboarding'den gelir
A10: SQLite | B10: user_profiles | C10: activity_level | D10: TEXT | E10: sedanter / hafif / orta / yuksek / cok_yuksek (TDEE katsayısı)
A11: SQLite | B11: user_profiles | C11: goal | D11: TEXT | E11: kilo_verme / koruma / kilo_alma -> hedef kaloriye -/+500 kcal etki eder
A12: SQLite | B12: user_profiles | C12: daily_calorie_target | D12: REAL | E12: Mifflin-St Jeor + aktivite katsayısı ile hesaplanır
A13: SQLite | B13: user_preferences | C13: user_id | D13: INTEGER FK | E13: N:1; kullanıcı başına birden çok tercih satırı
A14: SQLite | B14: user_preferences | C14: pref_type / pref_value | D14: TEXT | E14: diet=vegan, allergen=findik, liked_cuisine=turk gibi anahtar-değer
... A45: MongoDB | B45: recipes | C45: cuisine / difficulty | D45: String | E45: turk / italyan / uzakdogu ; kolay / orta / zor

Sheet Rakip Analizi
A1: RAKIP ANALIZI VE PAZARDAKI BOSLUKLAR (App Store / Play Store)
A2: Temel fark: rakipler ya kalori sayiyor ya tarif veriyor. Bu uygulama 'Mutfak Envanteri (Kiler) + Hedef Kalori' kesisiminde calisir.
A3: Rakip Uygulama | B3: Güçlü Yönleri | C3: Zayıf Yönleri (Senin Fırsatın) | D3: Bu Projede Nasıl Fark Yaratılıyor?
A4: MyFitnessPal / Yazio | B4: Dev kalori ve barkod veritabanı, olgun kullanıcı kitlesi, güçlü makro takibi ve alışkanlık serileri. | C4: 'Evde ne var, ne pişirebilirim?' mantığı sıfır. Sadece yediğini girersin; kiler/envanter yönetimi yok. Gıda israfına dair hiçbir şey sunmaz. | D4: Kiler envanteri birinci sınıf özellik: barkodla giren ürün stoktan düşer, eşik altına inince alışveriş listesine düşer. Kalori takibi kilerle aynı döngüde çalışır.
A5: SuperCook / Yummly | B5: Eldeki malzemelere göre çok iyi tarif eşleştirme, geniş tarif havuzu, malzeme bazlı arama. | C5: Kalori ve makro besin takibi çok zayıf. Alışveriş fişi tarama gibi otomatik envanter araçları yok; malzemeleri elle işaretlemek zahmetli. | D5: Malzeme girişi barkod (MVP) ve ileride fiş OCR (V3) ile otomatikleşir. Tarif önerisi kalan günlük kaloriye göre de süzülür.
A6: FatSecret | B6: Topluluk desteği, ücretsiz kullanım, geniş gıda veritabanı ve kilo günlüğü. | C6: Kişiselleştirilmiş akıllı asistan (chatbot) deneyimi yok; kullanıcı arayüzü çok eski ve öneri motoru pasif. | D6: Doğal dilde konuşan RAG tabanlı asistan: 'Bugün hafif bir şey yemek istiyorum' -> kilerdeki malzeme + kalan kalori + tercihlerle gerçek tarif önerisi.
A7: Yerel tarif uygulamaları (Nefis Yemek Tarifleri vb.) | B7: Türkçe içerik zenginliği, yerel mutfağa hakimiyet, güçlü topluluk. | C7: Kalori/beslenme takibi ve kiler yönetimi yok; öneriler kişiselleştirilmiyor, envanterle bağlantısız. | D7: Türk mutfağı tarifleri seed veriye dahil ediliyor ve kişisel profil + kiler verisiyle birleştiriliyor.
A8: Global rakiplerin ortak zafiyeti | B8: - | C8: Türkiye pazarındaki yerel ürünlerin (Torku, Ülker, yerel market barkodları ve fişleri) tanınması çok kötü. | D8: Türkçe barkod/ürün havuzu kullanıcı katkısıyla büyütülüyor; V3'te Türkçe market fişi okuma (Migros, A101, BİM kısaltma sözlüğü) ile lokal pazarda belirgin üstünlük sağlanıyor.
A9: BENZERSIZ DEGER ONERISI (USP) | B9: Kiler + Kalori + Yapay Zeka üçlüsünün tek uygulamada birleşmesi. | C9: Rakiplerin hiçbiri bu üç ekseni aynı anda kapatmıyor. | D9: 'Elimdeki malzemelerle, kalori hedefimi aşmadan, sevdiğim tarzda ne pişirebilirim?' sorusuna tek ekranda cevap veren, kullandıkça öğrenen ve gıda israfını azaltan asistan.

Sheet Risk Yonetimi
A1: RISK YONETIMI | 20 Gunluk Sprintte Plani Bozabilecek Maddeler
A2: Olasilik ve etki: Dusuk / Orta / Yuksek. Her risk icin erken uyari sinyali ve B plani tanimlanmistir.
A3: Risk | B3: Olasılık | C3: Etki | D3: Erken Uyarı Sinyali | E3: Önlem / B Planı
A4: Native build hataları (Expo Dev Client / VisionCamera) | B4: Yüksek | C4: Yüksek | D4: İlk dev client derlemesi 2. günde hâlâ başarısızsa. | E4: Barkod için yedek plan: expo-camera'nın yerleşik barcode scanner API'si. Derleme sorunlarına en geç 8. günde 4 saatlik zaman kutusu (timebox) konur, aşılırsa yedeğe geçilir.
A5: Open Food Facts'te Türk ürünlerinin bulunamaması | B5: Yüksek | C5: Orta | D5: Test edilen 10 yerel barkoddan 4'ünden azı sonuç dönüyorsa. | E5: W2-T05 manuel kayıt fallback'i zaten planda. Ek olarak demo için 20 popüler ürün önceden products tablosuna seed edilir; sunumda 'boş sonuç' riski sıfırlanır.
A6: LLM kotası, gecikmesi veya yanıt kalitesi | B6: Orta | C6: Yüksek | D6: Yanıt süresi 5 saniyeyi geçiyor veya JSON formatı bozuk dönüyorsa. | E6: Groq yerine OpenAI gpt-4o-mini'ye geçiş tek satır olacak şekilde LLM katmanı soyutlanır (W3-T10). JSON parse hatasında kural tabanlı öneri listesine düşülür - chatbot çökmez, sadece daha az sohbet eder.
A7: Tarif veri setinin kalitesiz/eksik çıkması | B7: Orta | C7: Yüksek | D7: Seed sonrası tariflerin %30'undan fazlasında kalori veya malzeme alanı boşsa. | E7: Kalite eşiğini geçemeyen tarifler ayıklanır; 40 Türk tarifi elle girildiği için demo her koşulda çalışır. Kalori boşsa malzemelerden yaklaşık hesaplanır.
A8: Malzeme eşleştirmesinin yanlış sonuç vermesi | B8: Yüksek | C8: Yüksek | D8: Test senaryolarında eşleşme doğruluğu %85'in altına düşerse. | E8: Malzeme sözlüğü (W1-T12) tek doğruluk kaynağı olarak erken kurulur; W3-T16'da yanlış eşleşmeler sözlüğe geri beslenir. Eşleşmeyen malzeme 'gri' gösterilerek kullanıcı yanıltılmaz.
A9: Birim dönüşümü hataları (kg/g/su bardağı) | B9: Orta | C9: Yüksek | D9: Stok düşümünde negatif miktar veya beklenmedik büyüklükte düşüm görülürse. | E9: Tüm miktarlar tek temel birimde (g/ml) saklanır; dönüşüm tek bir fonksiyonda toplanır ve pytest ile 20+ vaka test edilir (W4-T09). Negatif stok DB seviyesinde CHECK ile engellenir.
A10: Kapsam kayması (scope creep) | B10: Yüksek | C10: Yüksek | D10: Plan dışı bir özellik için 'sadece yarım gün sürer' denildiğinde. | E10: Fiş OCR ve görsel obje tanıma yazılı olarak V3'e alınmıştır (V2-V3 Backlog sayfası). Yeni her fikir doğrudan backlog'a yazılır, sprint'e alınmaz.
A11: Zaman tahminlerinin sapması | B11: Orta | C11: Orta | D11: Herhangi bir haftanın sonunda tamamlanan saat, planlananın %80'inin altındaysa. | E11: W4-T17 tampon görevi ve düşük öncelikli W4-T07 (SKT bildirimi) esnetme payıdır. Gerekirse chatbot arayüzü sadeleştirilir, algoritma korunur.
A12: Cihaz/emülatör ve kamera izin sorunları | B12: Orta | C12: Orta | D12: Kamera ekranı emülatörde siyah kalıyorsa. | E12: Barkod testleri gerçek cihazda yapılır; emülatör için sahte (mock) barkod girişi eklenir, böylece geliştirme cihazsız da sürer.
A13: KVKK / gizlilik yükümlülükleri | B13: Düşük | C13: Orta | D13: Sunum veya yayın öncesi aydınlatma metni sorulduğunda. | E13: Onboarding'de kısa bir aydınlatma metni ve rıza kutusu; sağlık verisi hassas veri kategorisinde olduğu için hesap silme (veri imha) endpoint'i eklenir.
A14: Telif hakkı (kazınan tarif içerikleri) | B14: Orta | C14: Yüksek | D14: Tarif metinleri birebir başka bir siteden alınmışsa. | E14: Yalnızca telifsiz/açık lisanslı kaynaklar kullanılır; malzeme listesi veriden alınıp yapılış adımları yeniden yazılır. Kaynak ve lisans bilgisi Veri Kaynakları sayfasında kayıt altındadır.
A15: Staj sunumunda demo çökmesi | B15: Düşük | C15: Yüksek | D15: Sunum provasında internet veya API bağımlı bir adım takılıyorsa. | E15: Sunum için önceden kaydedilmiş demo videosu (W4-T16) hazır tutulur; ayrıca çevrimdışı seed veriyle çalışan bir 'demo modu' bayrağı eklenir.
